{
    "loss": 0.41365721821784973,
    "accuracy": 0.8992805480957031
}