{
    "loss": 0.052791617810726166,
    "accuracy": 0.9568345546722412
}